participant_code,session_key,module_id,section_id,question_id,answer_value,effort_rating,presented_at,answered_at,presented_epoch_ms,answered_epoch_ms,response_time_ms,response_time_seconds,flag
1,070a71b6-f34f-4aad-9f44-516cffa72e65,demographics,demographics-age,demographics-q1,12,5,2026-09-22T06:13:05.150000+00:00,2026-09-22T06:13:07.087000+00:00,,,1937,1.937,
1,070a71b6-f34f-4aad-9f44-516cffa72e65,demographics,demographics-gender,demographics-q2,2,5,2026-09-22T06:13:09.646000+00:00,2026-09-22T06:13:10.702000+00:00,,,1056,1.056,
1,070a71b6-f34f-4aad-9f44-516cffa72e65,demographics,demographics-role,demographics-q3,5,6,2026-09-22T06:13:12.702000+00:00,2026-09-22T06:13:13.246000+00:00,,,544,0.544,
1,070a71b6-f34f-4aad-9f44-516cffa72e65,demographics,demographics-department,demographics-q4,3,6,2026-09-22T06:13:14.982000+00:00,2026-09-22T06:13:15.711000+00:00,,,729,0.729,
1,070a71b6-f34f-4aad-9f44-516cffa72e65,demographics,demographics-socioeconomic-status,demographics-q5,5,7,2026-09-22T06:13:17.775000+00:00,2026-09-22T06:13:19.135000+00:00,,,1360,1.36,
1,070a71b6-f34f-4aad-9f44-516cffa72e65,mecamh-sleep-quality,mecamh-sleep-quality-sleep-quality,mecamh-sleep-quality-q1,"{""mecamh-sleep-quality-q1-i0"":""1"",""mecamh-sleep-quality-q1-i1"":""2"",""mecamh-sleep-quality-q1-i2"":""3"",""mecamh-sleep-quality-q1-i3"":""4"",""mecamh-sleep-quality-q1-i4"":""5"",""mecamh-sleep-quality-q1-i5"":""5""}",7,2026-09-22T06:13:22.303000+00:00,2026-09-22T06:13:28.686000+00:00,,,6383,6.383,
1,070a71b6-f34f-4aad-9f44-516cffa72e65,mecamh-coping-responses-and-climate-change,mecamh-coping-responses-and-climate-change-climate-change-worry-ojala-2012,mecamh-coping-responses-and-climate-change-q2,"{""mecamh-coping-responses-and-climate-change-q2-i0"":""1"",""mecamh-coping-responses-and-climate-change-q2-i1"":""1"",""mecamh-coping-responses-and-climate-change-q2-i2"":""1"",""mecamh-coping-responses-and-climate-change-q2-i3"":""1"",""mecamh-coping-responses-and-climate-change-q2-i4"":""1""}",7,2026-09-22T06:13:32.223000+00:00,2026-09-22T06:13:36.310000+00:00,,,4087,4.087,
1,070a71b6-f34f-4aad-9f44-516cffa72e65,mecamh-coping-responses-and-climate-change,mecamh-coping-responses-and-climate-change-coping-responses-ojala-2012,mecamh-coping-responses-and-climate-change-q1,"{""mecamh-coping-responses-and-climate-change-q1-i0"":""1"",""mecamh-coping-responses-and-climate-change-q1-i1"":""2"",""mecamh-coping-responses-and-climate-change-q1-i2"":""3"",""mecamh-coping-responses-and-climate-change-q1-i3"":""4"",""mecamh-coping-responses-and-climate-change-q1-i4"":""5"",""mecamh-coping-responses-and-climate-change-q1-i5"":""5"",""mecamh-coping-responses-and-climate-change-q1-i6"":""1"",""mecamh-coping-responses-and-climate-change-q1-i7"":""2"",""mecamh-coping-responses-and-climate-change-q1-i8"":""3"",""mecamh-coping-responses-and-climate-change-q1-i9"":""4"",""mecamh-coping-responses-and-climate-change-q1-i10"":""5"",""mecamh-coping-responses-and-climate-change-q1-i11"":""5"",""mecamh-coping-responses-and-climate-change-q1-i12"":""1"",""mecamh-coping-responses-and-climate-change-q1-i13"":""1"",""mecamh-coping-responses-and-climate-change-q1-i14"":""1"",""mecamh-coping-responses-and-climate-change-q1-i15"":""1""}",7,2026-09-22T06:13:40.055000+00:00,2026-09-22T06:13:59.303000+00:00,,,19248,19.248,
1,070a71b6-f34f-4aad-9f44-516cffa72e65,mecamh-climate-anxiety,mecamh-climate-anxiety-state-anxiety-modelled-on-the-stai,mecamh-climate-anxiety-q1,"{""mecamh-climate-anxiety-q1-i0"":""1"",""mecamh-climate-anxiety-q1-i1"":""1"",""mecamh-climate-anxiety-q1-i2"":""1"",""mecamh-climate-anxiety-q1-i4"":""1"",""mecamh-climate-anxiety-q1-i3"":""1"",""mecamh-climate-anxiety-q1-i6"":""1"",""mecamh-climate-anxiety-q1-i5"":""1""}",7,2026-09-22T06:14:03.599000+00:00,2026-09-22T06:14:11.127000+00:00,,,7528,7.528,
1,070a71b6-f34f-4aad-9f44-516cffa72e65,mecamh-climate-anxiety,mecamh-climate-anxiety-anticipatory-traumatic-reaction-feelings-sub-scale-hopwood-et-al-2017,mecamh-climate-anxiety-q2,"{""mecamh-climate-anxiety-q2-i0"":""1"",""mecamh-climate-anxiety-q2-i1"":""2"",""mecamh-climate-anxiety-q2-i2"":""3"",""mecamh-climate-anxiety-q2-i3"":""4"",""mecamh-climate-anxiety-q2-i4"":""5"",""mecamh-climate-anxiety-q2-i5"":""5"",""mecamh-climate-anxiety-q2-i6"":""3"",""mecamh-climate-anxiety-q2-i7"":""3"",""mecamh-climate-anxiety-q2-i8"":""3"",""mecamh-climate-anxiety-q2-i9"":""3""}",6,2026-09-22T06:14:14.656000+00:00,2026-09-22T06:14:27.120000+00:00,,,12464,12.464,
1,070a71b6-f34f-4aad-9f44-516cffa72e65,hms-overall-health,hms-overall-health-nutrition,hms-overall-health-q15,0,5,2026-09-22T06:14:32.336000+00:00,2026-09-22T06:14:34.096000+00:00,,,1760,1.76,
1,070a71b6-f34f-4aad-9f44-516cffa72e65,hms-overall-health,hms-overall-health-nutrition,hms-overall-health-q11,1,5,2026-09-22T06:14:35.905000+00:00,2026-09-22T06:14:36.616000+00:00,,,711,0.711,
1,070a71b6-f34f-4aad-9f44-516cffa72e65,hms-overall-health,hms-overall-health-nutrition,hms-overall-health-q12,0,6,2026-09-22T06:14:38.448000+00:00,2026-09-22T06:14:39.104000+00:00,,,656,0.656,
1,070a71b6-f34f-4aad-9f44-516cffa72e65,hms-overall-health,hms-overall-health-nutrition,hms-overall-health-q13,"[""1""]",7,2026-09-22T06:14:40.784000+00:00,2026-09-22T06:14:42.160000+00:00,,,1376,1.376,
1,070a71b6-f34f-4aad-9f44-516cffa72e65,hms-overall-health,hms-overall-health-nutrition,hms-overall-health-q14,3,6,2026-09-22T06:14:44.408000+00:00,2026-09-22T06:14:45.073000+00:00,,,665,0.665,
1,070a71b6-f34f-4aad-9f44-516cffa72e65,hms-overall-health,hms-overall-health-nutrition,hms-overall-health-q16,2,5,2026-09-22T06:14:47.481000+00:00,2026-09-22T06:14:48.352000+00:00,,,871,0.871,
1,070a71b6-f34f-4aad-9f44-516cffa72e65,hms-overall-health,hms-overall-health-perceived-health-status,hms-overall-health-q1,3,5,2026-09-22T06:14:50.872000+00:00,2026-09-22T06:14:51.520000+00:00,,,648,0.648,
1,070a71b6-f34f-4aad-9f44-516cffa72e65,hms-overall-health,hms-overall-health-concussion-tbi-history,hms-overall-health-q6,1,6,2026-09-22T06:14:53.656000+00:00,2026-09-22T06:14:55.713000+00:00,,,2057,2.057,
1,070a71b6-f34f-4aad-9f44-516cffa72e65,hms-overall-health,hms-overall-health-concussion-tbi-history,hms-overall-health-q9,1,6,2026-09-22T06:14:58.961000+00:00,2026-09-22T06:15:01.248000+00:00,,,2287,2.287,
1,070a71b6-f34f-4aad-9f44-516cffa72e65,hms-overall-health,hms-overall-health-concussion-tbi-history,hms-overall-health-q10,12,7,2026-09-22T06:15:03.937000+00:00,2026-09-22T06:15:06.241000+00:00,,,2304,2.304,
1,070a71b6-f34f-4aad-9f44-516cffa72e65,hms-overall-health,hms-overall-health-concussion-tbi-history,hms-overall-health-q7,1,5,2026-09-22T06:15:09.305000+00:00,2026-09-22T06:15:09.969000+00:00,,,664,0.664,
1,070a71b6-f34f-4aad-9f44-516cffa72e65,hms-overall-health,hms-overall-health-concussion-tbi-history,hms-overall-health-q8,3,6,2026-09-22T06:15:12.977000+00:00,2026-09-22T06:15:14.705000+00:00,,,1728,1.728,
1,070a71b6-f34f-4aad-9f44-516cffa72e65,hms-overall-health,hms-overall-health-exercise,hms-overall-health-q4,2,6,2026-09-22T06:15:16.633000+00:00,2026-09-22T06:15:17.369000+00:00,,,736,0.736,
1,070a71b6-f34f-4aad-9f44-516cffa72e65,hms-overall-health,hms-overall-health-exercise,hms-overall-health-q5,2,5,2026-09-22T06:15:20.514000+00:00,2026-09-22T06:15:21.153000+00:00,,,639,0.639,
1,070a71b6-f34f-4aad-9f44-516cffa72e65,hms-overall-health,hms-overall-health-exercise,hms-overall-health-q3,6,6,2026-09-22T06:15:23.433000+00:00,2026-09-22T06:15:24.057000+00:00,,,624,0.624,
1,070a71b6-f34f-4aad-9f44-516cffa72e65,hms-overall-health,hms-overall-health-chronic-disease,hms-overall-health-q2,"[""1"",""7""]",7,2026-09-22T06:15:27.065000+00:00,2026-09-22T06:15:32.657000+00:00,,,5592,5.592,
1,070a71b6-f34f-4aad-9f44-516cffa72e65,hms-financial-stress,hms-financial-stress-spending,hms-financial-stress-q11,1,5,2026-09-22T06:15:35.665000+00:00,2026-09-22T06:15:37.145000+00:00,,,1480,1.48,
1,070a71b6-f34f-4aad-9f44-516cffa72e65,hms-financial-stress,hms-financial-stress-spending,hms-financial-stress-q12,2,6,2026-09-22T06:15:39.329000+00:00,2026-09-22T06:15:39.993000+00:00,,,664,0.664,
1,070a71b6-f34f-4aad-9f44-516cffa72e65,hms-financial-stress,hms-financial-stress-spending,hms-financial-stress-q13,"{""hms-financial-stress-q13-i0"":""2"",""hms-financial-stress-q13-i1"":""2""}",7,2026-09-22T06:15:43.738000+00:00,2026-09-22T06:15:46.105000+00:00,,,2367,2.367,
1,070a71b6-f34f-4aad-9f44-516cffa72e65,hms-financial-stress,hms-financial-stress-housing-concerns,hms-financial-stress-q6,1,6,2026-09-22T06:15:49.561000+00:00,2026-09-22T06:15:55.177000+00:00,,,5616,5.616,
1,070a71b6-f34f-4aad-9f44-516cffa72e65,hms-financial-stress,hms-financial-stress-housing-concerns,hms-financial-stress-q7,"[""1"",""2"",""3""]",7,2026-09-22T06:15:57.506000+00:00,2026-09-22T06:16:03.218000+00:00,,,5712,5.712,
1,070a71b6-f34f-4aad-9f44-516cffa72e65,hms-financial-stress,hms-financial-stress-housing-concerns,hms-financial-stress-q8,"[""2""]",5,2026-09-22T06:16:05.530000+00:00,2026-09-22T06:16:06.250000+00:00,,,720,0.72,
1,070a71b6-f34f-4aad-9f44-516cffa72e65,hms-financial-stress,hms-financial-stress-socioeconomic-status,hms-financial-stress-q2,2,7,2026-09-22T06:16:10.026000+00:00,2026-09-22T06:16:10.746000+00:00,,,720,0.72,
1,070a71b6-f34f-4aad-9f44-516cffa72e65,hms-financial-stress,hms-financial-stress-socioeconomic-status,hms-financial-stress-q1,2,6,2026-09-22T06:16:14.298000+00:00,2026-09-22T06:16:16.362000+00:00,,,2064,2.064,
1,070a71b6-f34f-4aad-9f44-516cffa72e65,hms-financial-stress,hms-financial-stress-socioeconomic-status,hms-financial-stress-q4,2,6,2026-09-22T06:16:19.066000+00:00,2026-09-22T06:16:19.754000+00:00,,,688,0.688,
1,070a71b6-f34f-4aad-9f44-516cffa72e65,hms-financial-stress,hms-financial-stress-socioeconomic-status,hms-financial-stress-q3,1,6,2026-09-22T06:16:22.194000+00:00,2026-09-22T06:16:23.946000+00:00,,,1752,1.752,
1,070a71b6-f34f-4aad-9f44-516cffa72e65,hms-financial-stress,hms-financial-stress-socioeconomic-status,hms-financial-stress-q5,"[""2"",""3""]",7,2026-09-22T06:16:27.322000+00:00,2026-09-22T06:16:29.658000+00:00,,,2336,2.336,
1,070a71b6-f34f-4aad-9f44-516cffa72e65,hms-financial-stress,hms-financial-stress-scholarship-status,hms-financial-stress-q10,"[""2""]",7,2026-09-22T06:16:31.754000+00:00,2026-09-22T06:16:33.986000+00:00,,,2232,2.232,
1,070a71b6-f34f-4aad-9f44-516cffa72e65,hms-financial-stress,hms-financial-stress-financing-education,hms-financial-stress-q9,2,6,2026-09-22T06:16:36.354000+00:00,2026-09-22T06:16:37.290000+00:00,,,936,0.936,
1,070a71b6-f34f-4aad-9f44-516cffa72e65,hms-academic-persistence-retention-and-competition,hms-academic-persistence-retention-and-competition-overall-academic-experience,hms-academic-persistence-retention-and-competition-q8,3,5,2026-09-22T06:17:25.811000+00:00,2026-09-22T06:17:26.675000+00:00,,,864,0.864,
1,070a71b6-f34f-4aad-9f44-516cffa72e65,hms-academic-persistence-retention-and-competition,hms-academic-persistence-retention-and-competition-overall-academic-experience,hms-academic-persistence-retention-and-competition-q6,2,6,2026-09-22T06:17:29.524000+00:00,2026-09-22T06:17:30.667000+00:00,,,1143,1.143,
1,070a71b6-f34f-4aad-9f44-516cffa72e65,hms-academic-persistence-retention-and-competition,hms-academic-persistence-retention-and-competition-overall-academic-experience,hms-academic-persistence-retention-and-competition-q7,"[""2"",""5""]",6,2026-09-22T06:17:34.716000+00:00,2026-09-22T06:17:36.531000+00:00,,,1815,1.815,
1,070a71b6-f34f-4aad-9f44-516cffa72e65,hms-academic-persistence-retention-and-competition,hms-academic-persistence-retention-and-competition-overall-academic-experience,hms-academic-persistence-retention-and-competition-q10,3,6,2026-09-22T06:17:38.772000+00:00,2026-09-22T06:17:39.603000+00:00,,,831,0.831,
1,070a71b6-f34f-4aad-9f44-516cffa72e65,hms-academic-persistence-retention-and-competition,hms-academic-persistence-retention-and-competition-overall-academic-experience,hms-academic-persistence-retention-and-competition-q11,"{""hms-academic-persistence-retention-and-competition-q11-i0"":""1"",""hms-academic-persistence-retention-and-competition-q11-i1"":""1""}",7,2026-09-22T06:17:43.108000+00:00,2026-09-22T06:17:45.180000+00:00,,,2072,2.072,
1,070a71b6-f34f-4aad-9f44-516cffa72e65,hms-academic-persistence-retention-and-competition,hms-academic-persistence-retention-and-competition-overall-academic-experience,hms-academic-persistence-retention-and-competition-q9,2,6,2026-09-22T06:17:47.804000+00:00,2026-09-22T06:17:48.732000+00:00,,,928,0.928,
1,070a71b6-f34f-4aad-9f44-516cffa72e65,hms-academic-persistence-retention-and-competition,hms-academic-persistence-retention-and-competition-faculty-advising-ph-d-students,hms-academic-persistence-retention-and-competition-q13,1,6,2026-09-22T06:17:54.372000+00:00,2026-09-22T06:17:57.076000+00:00,,,2704,2.704,
1,070a71b6-f34f-4aad-9f44-516cffa72e65,hms-academic-persistence-retention-and-competition,hms-academic-persistence-retention-and-competition-perceived-competition,hms-academic-persistence-retention-and-competition-q3,2,5,2026-09-22T06:18:02.500000+00:00,2026-09-22T06:18:03.828000+00:00,,,1328,1.328,
1,070a71b6-f34f-4aad-9f44-516cffa72e65,hms-academic-persistence-retention-and-competition,hms-academic-persistence-retention-and-competition-perceived-competition,hms-academic-persistence-retention-and-competition-q2,"{""hms-academic-persistence-retention-and-competition-q2-i0"":""2"",""hms-academic-persistence-retention-and-competition-q2-i1"":""2"",""hms-academic-persistence-retention-and-competition-q2-i2"":""2""}",7,2026-09-22T06:18:06.341000+00:00,2026-09-22T06:18:09.308000+00:00,,,2967,2.967,
1,070a71b6-f34f-4aad-9f44-516cffa72e65,hms-academic-persistence-retention-and-competition,hms-academic-persistence-retention-and-competition-overall-social-experience,hms-academic-persistence-retention-and-competition-q14,2,6,2026-09-22T06:18:12.181000+00:00,2026-09-22T06:18:12.844000+00:00,,,663,0.663,
1,070a71b6-f34f-4aad-9f44-516cffa72e65,hms-academic-persistence-retention-and-competition,hms-academic-persistence-retention-and-competition-imposter-syndrome,hms-academic-persistence-retention-and-competition-q5,"{""hms-academic-persistence-retention-and-competition-q5-i0"":""1"",""hms-academic-persistence-retention-and-competition-q5-i1"":""2"",""hms-academic-persistence-retention-and-competition-q5-i2"":""2"",""hms-academic-persistence-retention-and-competition-q5-i3"":""2"",""hms-academic-persistence-retention-and-competition-q5-i4"":""2""}",7,2026-09-22T06:18:16.684000+00:00,2026-09-22T06:18:21.492000+00:00,,,4808,4.808,
1,070a71b6-f34f-4aad-9f44-516cffa72e65,hms-academic-persistence-retention-and-competition,hms-academic-persistence-retention-and-competition-clarifying-achievement-goals-and-their-impact,hms-academic-persistence-retention-and-competition-q4,"{""hms-academic-persistence-retention-and-competition-q4-i0"":""1"",""hms-academic-persistence-retention-and-competition-q4-i1"":""1"",""hms-academic-persistence-retention-and-competition-q4-i2"":""1"",""hms-academic-persistence-retention-and-competition-q4-i3"":""1""}",8,2026-09-22T06:18:25.501000+00:00,2026-09-22T06:18:28.725000+00:00,,,3224,3.224,
1,070a71b6-f34f-4aad-9f44-516cffa72e65,hms-academic-persistence-retention-and-competition,hms-academic-persistence-retention-and-competition-stress-mindset,hms-academic-persistence-retention-and-competition-q1,"{""hms-academic-persistence-retention-and-competition-q1-i0"":""2"",""hms-academic-persistence-retention-and-competition-q1-i1"":""2"",""hms-academic-persistence-retention-and-competition-q1-i2"":""2"",""hms-academic-persistence-retention-and-competition-q1-i3"":""2""}",7,2026-09-22T06:18:30.997000+00:00,2026-09-22T06:18:33.868000+00:00,,,2871,2.871,
1,070a71b6-f34f-4aad-9f44-516cffa72e65,hms-academic-persistence-retention-and-competition,hms-academic-persistence-retention-and-competition-experiences-with-faculty-and-academic-support-services,hms-academic-persistence-retention-and-competition-q12,"{""hms-academic-persistence-retention-and-competition-q12-i0"":""1"",""hms-academic-persistence-retention-and-competition-q12-i1"":""2"",""hms-academic-persistence-retention-and-competition-q12-i2"":""3"",""hms-academic-persistence-retention-and-competition-q12-i3"":""4"",""hms-academic-persistence-retention-and-competition-q12-i4"":""5""}",8,2026-09-22T06:18:36.637000+00:00,2026-09-22T06:18:42.429000+00:00,,,5792,5.792,
1,070a71b6-f34f-4aad-9f44-516cffa72e65,hms-academic-persistence-retention-and-competition,hms-academic-persistence-retention-and-competition-issues-affecting-academic-performance,hms-academic-persistence-retention-and-competition-q15,"{""hms-academic-persistence-retention-and-competition-q15-i1"":""1"",""hms-academic-persistence-retention-and-competition-q15-i2"":""1"",""hms-academic-persistence-retention-and-competition-q15-i3"":""1"",""hms-academic-persistence-retention-and-competition-q15-i4"":""1"",""hms-academic-persistence-retention-and-competition-q15-i5"":""1"",""hms-academic-persistence-retention-and-competition-q15-i6"":""1"",""hms-academic-persistence-retention-and-competition-q15-i7"":""1"",""hms-academic-persistence-retention-and-competition-q15-i0"":""1""}",8,2026-09-22T06:18:44.805000+00:00,2026-09-22T06:18:55.525000+00:00,,,10720,10.72,
1,070a71b6-f34f-4aad-9f44-516cffa72e65,hms-mental-health-status,hms-mental-health-status-eating-and-body-image,hms-mental-health-status-q8,1,5,2026-09-22T06:18:59.533000+00:00,2026-09-22T06:19:00.485000+00:00,,,952,0.952,
1,070a71b6-f34f-4aad-9f44-516cffa72e65,hms-mental-health-status,hms-mental-health-status-substance-use,hms-mental-health-status-q15,1,5,2026-09-22T06:19:02.518000+00:00,2026-09-22T06:19:04.509000+00:00,,,1991,1.991,
1,070a71b6-f34f-4aad-9f44-516cffa72e65,hms-mental-health-status,hms-mental-health-status-substance-use,hms-mental-health-status-q16,2,7,2026-09-22T06:19:06.390000+00:00,2026-09-22T06:19:06.973000+00:00,,,583,0.583,
1,070a71b6-f34f-4aad-9f44-516cffa72e65,hms-mental-health-status,hms-mental-health-status-substance-use,hms-mental-health-status-q17,"[""2""]",7,2026-09-22T06:19:09.622000+00:00,2026-09-22T06:19:12.373000+00:00,,,2751,2.751,
1,070a71b6-f34f-4aad-9f44-516cffa72e65,hms-mental-health-status,hms-mental-health-status-substance-use,hms-mental-health-status-q18,3,4,2026-09-22T06:19:14.238000+00:00,2026-09-22T06:19:14.797000+00:00,,,559,0.559,
1,070a71b6-f34f-4aad-9f44-516cffa72e65,hms-mental-health-status,hms-mental-health-status-sleep,hms-mental-health-status-q21,4,6,2026-09-22T06:19:16.774000+00:00,2026-09-22T06:19:17.454000+00:00,,,680,0.68,
1,070a71b6-f34f-4aad-9f44-516cffa72e65,hms-mental-health-status,hms-mental-health-status-sleep,hms-mental-health-status-q20,3,6,2026-09-22T06:19:21.374000+00:00,2026-09-22T06:19:22.022000+00:00,,,648,0.648,
1,070a71b6-f34f-4aad-9f44-516cffa72e65,hms-mental-health-status,hms-mental-health-status-psychosis-screen,hms-mental-health-status-q10,"{""hms-mental-health-status-q10-i0"":""0"",""hms-mental-health-status-q10-i1"":""0""}",8,2026-09-22T06:19:25.326000+00:00,2026-09-22T06:19:27.413000+00:00,,,2087,2.087,
1,070a71b6-f34f-4aad-9f44-516cffa72e65,hms-mental-health-status,hms-mental-health-status-loneliness,hms-mental-health-status-q14,"{""hms-mental-health-status-q14-i0"":""2"",""hms-mental-health-status-q14-i1"":""2"",""hms-mental-health-status-q14-i2"":""2""}",7,2026-09-22T06:19:30.598000+00:00,2026-09-22T06:19:32.998000+00:00,,,2400,2.4,
1,070a71b6-f34f-4aad-9f44-516cffa72e65,hms-mental-health-status,hms-mental-health-status-social-media-internet,hms-mental-health-status-q28,3,7,2026-09-22T06:19:35.734000+00:00,2026-09-22T06:19:36.302000+00:00,,,568,0.568,
1,070a71b6-f34f-4aad-9f44-516cffa72e65,hms-mental-health-status,hms-mental-health-status-social-media-internet,hms-mental-health-status-q29,1,6,2026-09-22T06:19:38.310000+00:00,2026-09-22T06:19:40.958000+00:00,,,2648,2.648,
1,070a71b6-f34f-4aad-9f44-516cffa72e65,hms-mental-health-status,hms-mental-health-status-anxiety-gad-7,hms-mental-health-status-q5,"{""hms-mental-health-status-q5-i0"":""2"",""hms-mental-health-status-q5-i1"":""2"",""hms-mental-health-status-q5-i2"":""2"",""hms-mental-health-status-q5-i3"":""2"",""hms-mental-health-status-q5-i4"":""2"",""hms-mental-health-status-q5-i5"":""2"",""hms-mental-health-status-q5-i6"":""2""}",7,2026-09-22T06:19:44.102000+00:00,2026-09-22T06:19:49.142000+00:00,,,5040,5.04,
1,070a71b6-f34f-4aad-9f44-516cffa72e65,hms-mental-health-status,hms-mental-health-status-anxiety-gad-7,hms-mental-health-status-q6,1,6,2026-09-22T06:19:51.542000+00:00,2026-09-22T06:19:52.166000+00:00,,,624,0.624,
1,070a71b6-f34f-4aad-9f44-516cffa72e65,hms-mental-health-status,hms-mental-health-status-suicide-contagion,hms-mental-health-status-q22,0,6,2026-09-22T06:19:54.487000+00:00,2026-09-22T06:19:59.550000+00:00,,,5063,5.063,
1,070a71b6-f34f-4aad-9f44-516cffa72e65,hms-mental-health-status,hms-mental-health-status-sde,hms-mental-health-status-q9,1,6,2026-09-22T06:20:02.007000+00:00,2026-09-22T06:20:04.215000+00:00,,,2208,2.208,
1,070a71b6-f34f-4aad-9f44-516cffa72e65,hms-mental-health-status,hms-mental-health-status-positive-mental-health,hms-mental-health-status-q1,"{""hms-mental-health-status-q1-i0"":""1"",""hms-mental-health-status-q1-i1"":""1"",""hms-mental-health-status-q1-i2"":""1"",""hms-mental-health-status-q1-i3"":""1"",""hms-mental-health-status-q1-i4"":""1"",""hms-mental-health-status-q1-i5"":""1"",""hms-mental-health-status-q1-i6"":""1"",""hms-mental-health-status-q1-i7"":""1""}",7,2026-09-22T06:20:06.127000+00:00,2026-09-22T06:20:12.527000+00:00,,,6400,6.4,
1,070a71b6-f34f-4aad-9f44-516cffa72e65,hms-mental-health-status,hms-mental-health-status-suicidality,hms-mental-health-status-q13,"{""hms-mental-health-status-q13-i0"":""1"",""hms-mental-health-status-q13-i1"":""1""}",8,2026-09-22T06:20:15.303000+00:00,2026-09-22T06:20:17.543000+00:00,,,2240,2.24,
1,070a71b6-f34f-4aad-9f44-516cffa72e65,hms-mental-health-status,hms-mental-health-status-suicidality,hms-mental-health-status-q12,1,6,2026-09-22T06:20:19.831000+00:00,2026-09-22T06:20:23.599000+00:00,,,3768,3.768,
1,070a71b6-f34f-4aad-9f44-516cffa72e65,hms-mental-health-status,hms-mental-health-status-academic-impairment,hms-mental-health-status-q7,2,6,2026-09-22T06:20:25.391000+00:00,2026-09-22T06:20:26.047000+00:00,,,656,0.656,
1,070a71b6-f34f-4aad-9f44-516cffa72e65,hms-mental-health-status,hms-mental-health-status-non-suicidal-self-injury,hms-mental-health-status-q11,"[""1"",""2"",""3""]",7,2026-09-22T06:20:29.007000+00:00,2026-09-22T06:20:33.151000+00:00,,,4144,4.144,
1,070a71b6-f34f-4aad-9f44-516cffa72e65,hms-mental-health-status,hms-mental-health-status-depression-phq-9,hms-mental-health-status-q2,"{""hms-mental-health-status-q2-i0"":""1"",""hms-mental-health-status-q2-i1"":""2"",""hms-mental-health-status-q2-i2"":""2"",""hms-mental-health-status-q2-i3"":""2"",""hms-mental-health-status-q2-i4"":""3"",""hms-mental-health-status-q2-i5"":""3"",""hms-mental-health-status-q2-i6"":""4"",""hms-mental-health-status-q2-i7"":""4"",""hms-mental-health-status-q2-i8"":""4""}",7,2026-09-22T06:20:35.640000+00:00,2026-09-22T06:20:43.287000+00:00,,,7647,7.647,
1,070a71b6-f34f-4aad-9f44-516cffa72e65,hms-mental-health-status,hms-mental-health-status-depression-phq-9,hms-mental-health-status-q3,2,5,2026-09-22T06:20:45.448000+00:00,2026-09-22T06:20:46.543000+00:00,,,1095,1.095,
1,070a71b6-f34f-4aad-9f44-516cffa72e65,hms-mental-health-status,hms-mental-health-status-depression-phq-9,hms-mental-health-status-q4,"{""hms-mental-health-status-q4-i0"":""2"",""hms-mental-health-status-q4-i1"":""2""}",8,2026-09-22T06:20:48.663000+00:00,2026-09-22T06:20:50.351000+00:00,,,1688,1.688,
1,070a71b6-f34f-4aad-9f44-516cffa72e65,hms-mental-health-status,hms-mental-health-status-exercise,hms-mental-health-status-q19,6,6,2026-09-22T06:20:52.904000+00:00,2026-09-22T06:20:54.600000+00:00,,,1696,1.696,
1,070a71b6-f34f-4aad-9f44-516cffa72e65,hms-mental-health-service-utilization,hms-mental-health-service-utilization-insurance,hms-mental-health-service-utilization-q51,"[""1""]",7,2026-09-22T06:20:58.183000+00:00,2026-09-22T06:20:59.896000+00:00,,,1713,1.713,
1,070a71b6-f34f-4aad-9f44-516cffa72e65,hms-mental-health-service-utilization,hms-mental-health-service-utilization-use-of-counseling-therapy,hms-mental-health-service-utilization-q22,1,6,2026-09-22T06:21:02.439000+00:00,2026-09-22T06:21:04.159000+00:00,,,1720,1.72,
1,070a71b6-f34f-4aad-9f44-516cffa72e65,hms-mental-health-service-utilization,hms-mental-health-service-utilization-knowledge-of-campus-services,hms-mental-health-service-utilization-q17,2,6,2026-09-22T06:21:06.912000+00:00,2026-09-22T06:21:07.560000+00:00,,,648,0.648,
1,070a71b6-f34f-4aad-9f44-516cffa72e65,hms-mental-health-service-utilization,hms-mental-health-service-utilization-help-seeking-intentions,hms-mental-health-service-utilization-q21,"[""5""]",8,2026-09-22T06:21:10.992000+00:00,2026-09-22T06:21:12.904000+00:00,,,1912,1.912,
1,070a71b6-f34f-4aad-9f44-516cffa72e65,hms-mental-health-service-utilization,hms-mental-health-service-utilization-informal-help-seeking,hms-mental-health-service-utilization-q46,"[""5""]",7,2026-09-22T06:21:15.008000+00:00,2026-09-22T06:21:15.776000+00:00,,,768,0.768,
1,070a71b6-f34f-4aad-9f44-516cffa72e65,hms-mental-health-service-utilization,hms-mental-health-service-utilization-informal-help-seeking,hms-mental-health-service-utilization-q47,2,6,2026-09-22T06:21:18.776000+00:00,2026-09-22T06:21:19.360000+00:00,,,584,0.584,
1,070a71b6-f34f-4aad-9f44-516cffa72e65,hms-mental-health-service-utilization,hms-mental-health-service-utilization-informal-help-seeking,hms-mental-health-service-utilization-q49,1,6,2026-09-22T06:21:21.440000+00:00,2026-09-22T06:21:22.536000+00:00,,,1096,1.096,
1,070a71b6-f34f-4aad-9f44-516cffa72e65,hms-mental-health-service-utilization,hms-mental-health-service-utilization-informal-help-seeking,hms-mental-health-service-utilization-q50,2,6,2026-09-22T06:21:26.768000+00:00,2026-09-22T06:21:27.608000+00:00,,,840,0.84,
1,070a71b6-f34f-4aad-9f44-516cffa72e65,hms-mental-health-service-utilization,hms-mental-health-service-utilization-informal-help-seeking,hms-mental-health-service-utilization-q48,"[""5""]",7,2026-09-22T06:21:30.825000+00:00,2026-09-22T06:21:31.776000+00:00,,,951,0.951,
1,070a71b6-f34f-4aad-9f44-516cffa72e65,hms-mental-health-service-utilization,hms-mental-health-service-utilization-diagnosed-mental-illnesses,hms-mental-health-service-utilization-q1,"[""11""]",7,2026-09-22T06:21:33.744000+00:00,2026-09-22T06:21:36.888000+00:00,,,3144,3.144,
1,070a71b6-f34f-4aad-9f44-516cffa72e65,hms-mental-health-service-utilization,hms-mental-health-service-utilization-disability,hms-mental-health-service-utilization-q12,"[""1""]",7,2026-09-22T06:21:39.961000+00:00,2026-09-22T06:21:44.320000+00:00,,,4359,4.359,
1,070a71b6-f34f-4aad-9f44-516cffa72e65,hms-mental-health-service-utilization,hms-mental-health-service-utilization-disability,hms-mental-health-service-utilization-q13,1,6,2026-09-22T06:21:47.201000+00:00,2026-09-22T06:21:50.097000+00:00,,,2896,2.896,
1,070a71b6-f34f-4aad-9f44-516cffa72e65,hms-mental-health-service-utilization,hms-mental-health-service-utilization-disability,hms-mental-health-service-utilization-q14,1,5,2026-09-22T06:21:52.313000+00:00,2026-09-22T06:21:54.032000+00:00,,,1719,1.719,
1,070a71b6-f34f-4aad-9f44-516cffa72e65,hms-mental-health-service-utilization,hms-mental-health-service-utilization-disability,hms-mental-health-service-utilization-q15,1,6,2026-09-22T06:21:56.513000+00:00,2026-09-22T06:21:57.417000+00:00,,,904,0.904,
1,070a71b6-f34f-4aad-9f44-516cffa72e65,hms-mental-health-service-utilization,hms-mental-health-service-utilization-barriers-to-help-seeking,hms-mental-health-service-utilization-q45,"[""5""]",7,2026-09-22T06:22:00.497000+00:00,2026-09-22T06:22:01.985000+00:00,,,1488,1.488,
1,070a71b6-f34f-4aad-9f44-516cffa72e65,hms-mental-health-service-utilization,hms-mental-health-service-utilization-barriers-to-help-seeking,hms-mental-health-service-utilization-q44,"[""5""]",7,2026-09-22T06:22:04.625000+00:00,2026-09-22T06:22:05.297000+00:00,,,672,0.672,
1,070a71b6-f34f-4aad-9f44-516cffa72e65,hms-mental-health-service-utilization,hms-mental-health-service-utilization-use-of-medication,hms-mental-health-service-utilization-q40,2,6,2026-09-22T06:22:08.297000+00:00,2026-09-22T06:22:09.024000+00:00,,,727,0.727,
1,070a71b6-f34f-4aad-9f44-516cffa72e65,hms-mental-health-service-utilization,hms-mental-health-service-utilization-use-of-medication,hms-mental-health-service-utilization-q31,"[""6""]",7,2026-09-22T06:22:11.673000+00:00,2026-09-22T06:22:16.009000+00:00,,,4336,4.336,
1,070a71b6-f34f-4aad-9f44-516cffa72e65,hms-mental-health-service-utilization,hms-mental-health-service-utilization-use-of-medication,hms-mental-health-service-utilization-q34,2,7,2026-09-22T06:22:17.857000+00:00,2026-09-22T06:22:20.225000+00:00,,,2368,2.368,
1,070a71b6-f34f-4aad-9f44-516cffa72e65,hms-mental-health-service-utilization,hms-mental-health-service-utilization-use-of-medication,hms-mental-health-service-utilization-q35,"[""2""]",6,2026-09-22T06:22:22.258000+00:00,2026-09-22T06:22:23.417000+00:00,,,1159,1.159,
1,070a71b6-f34f-4aad-9f44-516cffa72e65,hms-mental-health-service-utilization,hms-mental-health-service-utilization-use-of-medication,hms-mental-health-service-utilization-q36,"[""6""]",7,2026-09-22T06:22:25.801000+00:00,2026-09-22T06:22:28.817000+00:00,,,3016,3.016,
1,070a71b6-f34f-4aad-9f44-516cffa72e65,hms-mental-health-service-utilization,hms-mental-health-service-utilization-use-of-medication,hms-mental-health-service-utilization-q41,2,7,2026-09-22T06:22:31.050000+00:00,2026-09-22T06:22:31.929000+00:00,,,879,0.879,
1,070a71b6-f34f-4aad-9f44-516cffa72e65,hms-mental-health-service-utilization,hms-mental-health-service-utilization-use-of-medication,hms-mental-health-service-utilization-q42,2,6,2026-09-22T06:22:34.562000+00:00,2026-09-22T06:22:35.650000+00:00,,,1088,1.088,
1,070a71b6-f34f-4aad-9f44-516cffa72e65,hms-mental-health-service-utilization,hms-mental-health-service-utilization-use-of-medication,hms-mental-health-service-utilization-q43,"[""1""]",7,2026-09-22T06:22:38.186000+00:00,2026-09-22T06:22:39.970000+00:00,,,1784,1.784,
1,070a71b6-f34f-4aad-9f44-516cffa72e65,hms-mental-health-service-utilization,hms-mental-health-service-utilization-stigma,hms-mental-health-service-utilization-q18,"{""hms-mental-health-service-utilization-q18-i0"":""1"",""hms-mental-health-service-utilization-q18-i1"":""1""}",6,2026-09-22T06:22:42.730000+00:00,2026-09-22T06:22:44.609000+00:00,,,1879,1.879,
1,070a71b6-f34f-4aad-9f44-516cffa72e65,hms-mental-health-service-utilization,hms-mental-health-service-utilization-perceived-need,hms-mental-health-service-utilization-q19,2,6,2026-09-22T06:22:47.490000+00:00,2026-09-22T06:22:48.794000+00:00,,,1304,1.304,
1,070a71b6-f34f-4aad-9f44-516cffa72e65,hms-mental-health-service-utilization,hms-mental-health-service-utilization-perceived-need,hms-mental-health-service-utilization-q20,2,7,2026-09-22T06:22:51.858000+00:00,2026-09-22T06:22:52.554000+00:00,,,696,0.696,
11,fc459b5f-ee2e-4489-8885-821fa9347f18,demographics,demographics-age,demographics-q1,50,5,2026-09-22T09:15:57.030000+00:00,2026-09-22T09:16:01.030000+00:00,,,4000,4.0,
11,fc459b5f-ee2e-4489-8885-821fa9347f18,demographics,demographics-gender,demographics-q2,3,5,2026-09-22T09:16:03.558000+00:00,2026-09-22T09:16:04.262000+00:00,,,704,0.704,
11,fc459b5f-ee2e-4489-8885-821fa9347f18,demographics,demographics-role,demographics-q3,4,6,2026-09-22T09:16:07.206000+00:00,2026-09-22T09:16:09.094000+00:00,,,1888,1.888,
11,fc459b5f-ee2e-4489-8885-821fa9347f18,demographics,demographics-department,demographics-q4,2,6,2026-09-22T09:16:11.542000+00:00,2026-09-22T09:16:13.574000+00:00,,,2032,2.032,
11,fc459b5f-ee2e-4489-8885-821fa9347f18,demographics,demographics-socioeconomic-status,demographics-q5,5,6,2026-09-22T09:16:15.999000+00:00,2026-09-22T09:16:16.942000+00:00,,,943,0.943,
11,fc459b5f-ee2e-4489-8885-821fa9347f18,mecamh-sleep-quality,mecamh-sleep-quality-sleep-quality,mecamh-sleep-quality-q1,"{""mecamh-sleep-quality-q1-i0"":""1"",""mecamh-sleep-quality-q1-i1"":""2"",""mecamh-sleep-quality-q1-i2"":""3"",""mecamh-sleep-quality-q1-i3"":""4"",""mecamh-sleep-quality-q1-i4"":""5"",""mecamh-sleep-quality-q1-i5"":""4""}",7,2026-09-22T09:16:20.438000+00:00,2026-09-22T09:16:26.863000+00:00,,,6425,6.425,
11,fc459b5f-ee2e-4489-8885-821fa9347f18,mecamh-coping-responses-and-climate-change,mecamh-coping-responses-and-climate-change-climate-change-worry-ojala-2012,mecamh-coping-responses-and-climate-change-q2,"{""mecamh-coping-responses-and-climate-change-q2-i0"":""1"",""mecamh-coping-responses-and-climate-change-q2-i1"":""1"",""mecamh-coping-responses-and-climate-change-q2-i2"":""1"",""mecamh-coping-responses-and-climate-change-q2-i3"":""1"",""mecamh-coping-responses-and-climate-change-q2-i4"":""1""}",6,2026-09-22T09:16:29.966000+00:00,2026-09-22T09:16:33.630000+00:00,,,3664,3.664,
11,fc459b5f-ee2e-4489-8885-821fa9347f18,mecamh-coping-responses-and-climate-change,mecamh-coping-responses-and-climate-change-coping-responses-ojala-2012,mecamh-coping-responses-and-climate-change-q1,"{""mecamh-coping-responses-and-climate-change-q1-i0"":""3"",""mecamh-coping-responses-and-climate-change-q1-i1"":""3"",""mecamh-coping-responses-and-climate-change-q1-i2"":""4"",""mecamh-coping-responses-and-climate-change-q1-i3"":""4"",""mecamh-coping-responses-and-climate-change-q1-i4"":""4"",""mecamh-coping-responses-and-climate-change-q1-i5"":""4"",""mecamh-coping-responses-and-climate-change-q1-i6"":""4"",""mecamh-coping-responses-and-climate-change-q1-i7"":""4"",""mecamh-coping-responses-and-climate-change-q1-i8"":""4"",""mecamh-coping-responses-and-climate-change-q1-i9"":""4"",""mecamh-coping-responses-and-climate-change-q1-i10"":""4"",""mecamh-coping-responses-and-climate-change-q1-i11"":""4"",""mecamh-coping-responses-and-climate-change-q1-i12"":""4"",""mecamh-coping-responses-and-climate-change-q1-i13"":""4"",""mecamh-coping-responses-and-climate-change-q1-i14"":""4"",""mecamh-coping-responses-and-climate-change-q1-i15"":""4""}",9,2026-09-22T09:16:36.063000+00:00,2026-09-22T09:16:52.255000+00:00,,,16192,16.192,
11,fc459b5f-ee2e-4489-8885-821fa9347f18,mecamh-climate-anxiety,mecamh-climate-anxiety-state-anxiety-modelled-on-the-stai,mecamh-climate-anxiety-q1,"{""mecamh-climate-anxiety-q1-i0"":""2"",""mecamh-climate-anxiety-q1-i1"":""3"",""mecamh-climate-anxiety-q1-i2"":""4"",""mecamh-climate-anxiety-q1-i3"":""5"",""mecamh-climate-anxiety-q1-i4"":""5"",""mecamh-climate-anxiety-q1-i5"":""5"",""mecamh-climate-anxiety-q1-i6"":""5""}",8,2026-09-22T09:16:55.367000+00:00,2026-09-22T09:16:59.551000+00:00,,,4184,4.184,
11,fc459b5f-ee2e-4489-8885-821fa9347f18,mecamh-climate-anxiety,mecamh-climate-anxiety-anticipatory-traumatic-reaction-feelings-sub-scale-hopwood-et-al-2017,mecamh-climate-anxiety-q2,"{""mecamh-climate-anxiety-q2-i0"":""3"",""mecamh-climate-anxiety-q2-i1"":""4"",""mecamh-climate-anxiety-q2-i2"":""5"",""mecamh-climate-anxiety-q2-i3"":""5"",""mecamh-climate-anxiety-q2-i4"":""5"",""mecamh-climate-anxiety-q2-i5"":""5"",""mecamh-climate-anxiety-q2-i6"":""5"",""mecamh-climate-anxiety-q2-i7"":""5"",""mecamh-climate-anxiety-q2-i8"":""5"",""mecamh-climate-anxiety-q2-i9"":""5""}",8,2026-09-22T09:17:01.439000+00:00,2026-09-22T09:17:12.215000+00:00,,,10776,10.776,
11,fc459b5f-ee2e-4489-8885-821fa9347f18,hms-overall-health,hms-overall-health-nutrition,hms-overall-health-q15,0,6,2026-09-22T09:17:14.959000+00:00,2026-09-22T09:17:15.655000+00:00,,,696,0.696,
11,fc459b5f-ee2e-4489-8885-821fa9347f18,hms-overall-health,hms-overall-health-nutrition,hms-overall-health-q11,0,5,2026-09-22T09:17:17.719000+00:00,2026-09-22T09:17:18.311000+00:00,,,592,0.592,
11,fc459b5f-ee2e-4489-8885-821fa9347f18,hms-overall-health,hms-overall-health-nutrition,hms-overall-health-q12,0,5,2026-09-22T09:17:20.615000+00:00,2026-09-22T09:17:22.343000+00:00,,,1728,1.728,
11,fc459b5f-ee2e-4489-8885-821fa9347f18,hms-overall-health,hms-overall-health-nutrition,hms-overall-health-q16,2,6,2026-09-22T09:17:24.136000+00:00,2026-09-22T09:17:24.807000+00:00,,,671,0.671,
11,fc459b5f-ee2e-4489-8885-821fa9347f18,hms-overall-health,hms-overall-health-perceived-health-status,hms-overall-health-q1,2,5,2026-09-22T09:17:27.031000+00:00,2026-09-22T09:17:27.703000+00:00,,,672,0.672,
11,fc459b5f-ee2e-4489-8885-821fa9347f18,hms-overall-health,hms-overall-health-concussion-tbi-history,hms-overall-health-q6,1,5,2026-09-22T09:17:29.488000+00:00,2026-09-22T09:17:30.031000+00:00,,,543,0.543,
11,fc459b5f-ee2e-4489-8885-821fa9347f18,hms-overall-health,hms-overall-health-concussion-tbi-history,hms-overall-health-q9,3,6,2026-09-22T09:17:32.960000+00:00,2026-09-22T09:17:33.776000+00:00,,,816,0.816,
11,fc459b5f-ee2e-4489-8885-821fa9347f18,hms-overall-health,hms-overall-health-concussion-tbi-history,hms-overall-health-q10,42,7,2026-09-22T09:17:35.880000+00:00,2026-09-22T09:17:40.120000+00:00,,,4240,4.24,
11,fc459b5f-ee2e-4489-8885-821fa9347f18,hms-overall-health,hms-overall-health-concussion-tbi-history,hms-overall-health-q7,0,6,2026-09-22T09:17:42.312000+00:00,2026-09-22T09:17:44.184000+00:00,,,1872,1.872,
11,fc459b5f-ee2e-4489-8885-821fa9347f18,hms-overall-health,hms-overall-health-exercise,hms-overall-health-q4,2,6,2026-09-22T09:17:46.368000+00:00,2026-09-22T09:17:47.064000+00:00,,,696,0.696,
11,fc459b5f-ee2e-4489-8885-821fa9347f18,hms-overall-health,hms-overall-health-exercise,hms-overall-health-q5,2,6,2026-09-22T09:17:49.976000+00:00,2026-09-22T09:17:50.640000+00:00,,,664,0.664,
11,fc459b5f-ee2e-4489-8885-821fa9347f18,hms-overall-health,hms-overall-health-exercise,hms-overall-health-q3,6,6,2026-09-22T09:17:52.704000+00:00,2026-09-22T09:17:53.264000+00:00,,,560,0.56,
11,fc459b5f-ee2e-4489-8885-821fa9347f18,hms-overall-health,hms-overall-health-chronic-disease,hms-overall-health-q2,"[""15""]",8,2026-09-22T09:17:55.504000+00:00,2026-09-22T09:17:59.392000+00:00,,,3888,3.888,
11,fc459b5f-ee2e-4489-8885-821fa9347f18,hms-financial-stress,hms-financial-stress-spending,hms-financial-stress-q11,0,6,2026-09-22T09:18:02.408000+00:00,2026-09-22T09:18:03.056000+00:00,,,648,0.648,
11,fc459b5f-ee2e-4489-8885-821fa9347f18,hms-financial-stress,hms-financial-stress-housing-concerns,hms-financial-stress-q6,2,6,2026-09-22T09:18:05.304000+00:00,2026-09-22T09:18:06.032000+00:00,,,728,0.728,
11,fc459b5f-ee2e-4489-8885-821fa9347f18,hms-financial-stress,hms-financial-stress-housing-concerns,hms-financial-stress-q8,"[""5""]",7,2026-09-22T09:18:08.009000+00:00,2026-09-22T09:18:09.304000+00:00,,,1295,1.295,
11,fc459b5f-ee2e-4489-8885-821fa9347f18,hms-financial-stress,hms-financial-stress-socioeconomic-status,hms-financial-stress-q2,3,6,2026-09-22T09:18:11.208000+00:00,2026-09-22T09:18:11.688000+00:00,,,480,0.48,
11,fc459b5f-ee2e-4489-8885-821fa9347f18,hms-financial-stress,hms-financial-stress-socioeconomic-status,hms-financial-stress-q1,2,7,2026-09-22T09:18:13.817000+00:00,2026-09-22T09:18:14.288000+00:00,,,471,0.471,
11,fc459b5f-ee2e-4489-8885-821fa9347f18,hms-financial-stress,hms-financial-stress-socioeconomic-status,hms-financial-stress-q4,2,6,2026-09-22T09:18:16.520000+00:00,2026-09-22T09:18:18.128000+00:00,,,1608,1.608,
11,fc459b5f-ee2e-4489-8885-821fa9347f18,hms-financial-stress,hms-financial-stress-socioeconomic-status,hms-financial-stress-q3,1,5,2026-09-22T09:18:19.953000+00:00,2026-09-22T09:18:20.464000+00:00,,,511,0.511,
11,fc459b5f-ee2e-4489-8885-821fa9347f18,hms-financial-stress,hms-financial-stress-socioeconomic-status,hms-financial-stress-q5,"[""5""]",5,2026-09-22T09:18:23.673000+00:00,2026-09-22T09:18:24.609000+00:00,,,936,0.936,
11,fc459b5f-ee2e-4489-8885-821fa9347f18,hms-financial-stress,hms-financial-stress-scholarship-status,hms-financial-stress-q10,"[""1""]",6,2026-09-22T09:18:27.009000+00:00,2026-09-22T09:18:28.633000+00:00,,,1624,1.624,
11,fc459b5f-ee2e-4489-8885-821fa9347f18,hms-financial-stress,hms-financial-stress-financing-education,hms-financial-stress-q9,2,6,2026-09-22T09:18:30.721000+00:00,2026-09-22T09:18:31.433000+00:00,,,712,0.712,
11,fc459b5f-ee2e-4489-8885-821fa9347f18,hms-academic-persistence-retention-and-competition,hms-academic-persistence-retention-and-competition-overall-academic-experience,hms-academic-persistence-retention-and-competition-q8,3,6,2026-09-22T09:18:34.513000+00:00,2026-09-22T09:18:35.185000+00:00,,,672,0.672,
11,fc459b5f-ee2e-4489-8885-821fa9347f18,hms-academic-persistence-retention-and-competition,hms-academic-persistence-retention-and-competition-overall-academic-experience,hms-academic-persistence-retention-and-competition-q6,2,6,2026-09-22T09:18:37.585000+00:00,2026-09-22T09:18:38.145000+00:00,,,560,0.56,
11,fc459b5f-ee2e-4489-8885-821fa9347f18,hms-academic-persistence-retention-and-competition,hms-academic-persistence-retention-and-competition-overall-academic-experience,hms-academic-persistence-retention-and-competition-q7,"[""5""]",5,2026-09-22T09:18:40.353000+00:00,2026-09-22T09:18:40.929000+00:00,,,576,0.576,
11,fc459b5f-ee2e-4489-8885-821fa9347f18,hms-academic-persistence-retention-and-competition,hms-academic-persistence-retention-and-competition-overall-academic-experience,hms-academic-persistence-retention-and-competition-q10,3,6,2026-09-22T09:18:43.561000+00:00,2026-09-22T09:18:44.081000+00:00,,,520,0.52,
11,fc459b5f-ee2e-4489-8885-821fa9347f18,hms-academic-persistence-retention-and-competition,hms-academic-persistence-retention-and-competition-overall-academic-experience,hms-academic-persistence-retention-and-competition-q11,"{""hms-academic-persistence-retention-and-competition-q11-i0"":""1"",""hms-academic-persistence-retention-and-competition-q11-i1"":""1""}",6,2026-09-22T09:18:46.089000+00:00,2026-09-22T09:18:48.049000+00:00,,,1960,1.96,
11,fc459b5f-ee2e-4489-8885-821fa9347f18,hms-academic-persistence-retention-and-competition,hms-academic-persistence-retention-and-competition-overall-academic-experience,hms-academic-persistence-retention-and-competition-q9,2,6,2026-09-22T09:18:50.721000+00:00,2026-09-22T09:18:51.537000+00:00,,,816,0.816,
11,fc459b5f-ee2e-4489-8885-821fa9347f18,hms-academic-persistence-retention-and-competition,hms-academic-persistence-retention-and-competition-faculty-advising-ph-d-students,hms-academic-persistence-retention-and-competition-q13,2,7,2026-09-22T09:18:53.866000+00:00,2026-09-22T09:18:54.417000+00:00,,,551,0.551,
11,fc459b5f-ee2e-4489-8885-821fa9347f18,hms-academic-persistence-retention-and-competition,hms-academic-persistence-retention-and-competition-perceived-competition,hms-academic-persistence-retention-and-competition-q3,3,7,2026-09-22T09:19:00.913000+00:00,2026-09-22T09:19:01.489000+00:00,,,576,0.576,
11,fc459b5f-ee2e-4489-8885-821fa9347f18,hms-academic-persistence-retention-and-competition,hms-academic-persistence-retention-and-competition-perceived-competition,hms-academic-persistence-retention-and-competition-q2,"{""hms-academic-persistence-retention-and-competition-q2-i0"":""3"",""hms-academic-persistence-retention-and-competition-q2-i1"":""3"",""hms-academic-persistence-retention-and-competition-q2-i2"":""3""}",9,2026-09-22T09:19:04.202000+00:00,2026-09-22T09:19:06.225000+00:00,,,2023,2.023,
11,fc459b5f-ee2e-4489-8885-821fa9347f18,hms-academic-persistence-retention-and-competition,hms-academic-persistence-retention-and-competition-overall-social-experience,hms-academic-persistence-retention-and-competition-q14,3,6,2026-09-22T09:19:08.930000+00:00,2026-09-22T09:19:09.529000+00:00,,,599,0.599,
15,9c5d67a4-c6b9-4f45-97b1-49f743e8c3bb,demographics,demographics-age,demographics-q1,30,5,2026-09-22T10:05:42.656000+00:00,2026-09-22T10:05:45.273000+00:00,,,2617,2.617,
15,9c5d67a4-c6b9-4f45-97b1-49f743e8c3bb,demographics,demographics-gender,demographics-q2,2,5,2026-09-22T10:05:47.777000+00:00,2026-09-22T10:05:48.416000+00:00,,,639,0.639,
15,9c5d67a4-c6b9-4f45-97b1-49f743e8c3bb,demographics,demographics-role,demographics-q3,5,6,2026-09-22T10:05:51.185000+00:00,2026-09-22T10:05:52.001000+00:00,,,816,0.816,
15,9c5d67a4-c6b9-4f45-97b1-49f743e8c3bb,demographics,demographics-department,demographics-q4,3,7,2026-09-22T10:05:54.193000+00:00,2026-09-22T10:05:54.833000+00:00,,,640,0.64,
15,9c5d67a4-c6b9-4f45-97b1-49f743e8c3bb,demographics,demographics-socioeconomic-status,demographics-q5,5,7,2026-09-22T10:05:56.889000+00:00,2026-09-22T10:05:57.769000+00:00,,,880,0.88,
15,9c5d67a4-c6b9-4f45-97b1-49f743e8c3bb,mecamh-sleep-quality,mecamh-sleep-quality-sleep-quality,mecamh-sleep-quality-q1,"{""mecamh-sleep-quality-q1-i0"":""1"",""mecamh-sleep-quality-q1-i1"":""2"",""mecamh-sleep-quality-q1-i2"":""3"",""mecamh-sleep-quality-q1-i3"":""4"",""mecamh-sleep-quality-q1-i4"":""5"",""mecamh-sleep-quality-q1-i5"":""4""}",7,2026-09-22T10:06:01.561000+00:00,2026-09-22T10:06:08.169000+00:00,,,6608,6.608,
15,9c5d67a4-c6b9-4f45-97b1-49f743e8c3bb,mecamh-coping-responses-and-climate-change,mecamh-coping-responses-and-climate-change-climate-change-worry-ojala-2012,mecamh-coping-responses-and-climate-change-q2,"{""mecamh-coping-responses-and-climate-change-q2-i0"":""2"",""mecamh-coping-responses-and-climate-change-q2-i1"":""2"",""mecamh-coping-responses-and-climate-change-q2-i2"":""2"",""mecamh-coping-responses-and-climate-change-q2-i3"":""2"",""mecamh-coping-responses-and-climate-change-q2-i4"":""2""}",6,2026-09-22T10:06:11.209000+00:00,2026-09-22T10:06:13.897000+00:00,,,2688,2.688,
15,9c5d67a4-c6b9-4f45-97b1-49f743e8c3bb,mecamh-coping-responses-and-climate-change,mecamh-coping-responses-and-climate-change-coping-responses-ojala-2012,mecamh-coping-responses-and-climate-change-q1,"{""mecamh-coping-responses-and-climate-change-q1-i0"":""2"",""mecamh-coping-responses-and-climate-change-q1-i1"":""3"",""mecamh-coping-responses-and-climate-change-q1-i2"":""4"",""mecamh-coping-responses-and-climate-change-q1-i3"":""5"",""mecamh-coping-responses-and-climate-change-q1-i5"":""5"",""mecamh-coping-responses-and-climate-change-q1-i4"":""5"",""mecamh-coping-responses-and-climate-change-q1-i6"":""1"",""mecamh-coping-responses-and-climate-change-q1-i7"":""2"",""mecamh-coping-responses-and-climate-change-q1-i8"":""3"",""mecamh-coping-responses-and-climate-change-q1-i9"":""4"",""mecamh-coping-responses-and-climate-change-q1-i10"":""5"",""mecamh-coping-responses-and-climate-change-q1-i11"":""5"",""mecamh-coping-responses-and-climate-change-q1-i12"":""2"",""mecamh-coping-responses-and-climate-change-q1-i13"":""3"",""mecamh-coping-responses-and-climate-change-q1-i14"":""3"",""mecamh-coping-responses-and-climate-change-q1-i15"":""3""}",7,2026-09-22T10:06:15.649000+00:00,2026-09-22T10:06:31.681000+00:00,,,16032,16.032,
15,9c5d67a4-c6b9-4f45-97b1-49f743e8c3bb,mecamh-climate-anxiety,mecamh-climate-anxiety-state-anxiety-modelled-on-the-stai,mecamh-climate-anxiety-q1,"{""mecamh-climate-anxiety-q1-i0"":""1"",""mecamh-climate-anxiety-q1-i1"":""1"",""mecamh-climate-anxiety-q1-i2"":""1"",""mecamh-climate-anxiety-q1-i3"":""2"",""mecamh-climate-anxiety-q1-i4"":""3"",""mecamh-climate-anxiety-q1-i5"":""4"",""mecamh-climate-anxiety-q1-i6"":""5""}",6,2026-09-22T10:06:34.793000+00:00,2026-09-22T10:06:40.513000+00:00,,,5720,5.72,
3,c43b45b5-69ff-420d-91a6-a9b6ae658914,demographics,demographics-age,demographics-q1,12,5,2026-09-22T08:23:09.775000+00:00,2026-09-22T08:23:11.223000+00:00,,,1448,1.448,
3,c43b45b5-69ff-420d-91a6-a9b6ae658914,demographics,demographics-gender,demographics-q2,2,5,2026-09-22T08:23:13.208000+00:00,2026-09-22T08:23:13.744000+00:00,,,536,0.536,
3,c43b45b5-69ff-420d-91a6-a9b6ae658914,demographics,demographics-role,demographics-q3,6,6,2026-09-22T08:23:15.464000+00:00,2026-09-22T08:23:15.968000+00:00,,,504,0.504,
3,c43b45b5-69ff-420d-91a6-a9b6ae658914,demographics,demographics-department,demographics-q4,3,6,2026-09-22T08:23:20.680000+00:00,2026-09-22T08:23:21.175000+00:00,,,495,0.495,
3,c43b45b5-69ff-420d-91a6-a9b6ae658914,demographics,demographics-socioeconomic-status,demographics-q5,5,6,2026-09-22T08:23:23.288000+00:00,2026-09-22T08:23:24.288000+00:00,,,1000,1.0,
3,c43b45b5-69ff-420d-91a6-a9b6ae658914,mecamh-sleep-quality,mecamh-sleep-quality-sleep-quality,mecamh-sleep-quality-q1,"{""mecamh-sleep-quality-q1-i1"":""3"",""mecamh-sleep-quality-q1-i2"":""4"",""mecamh-sleep-quality-q1-i3"":""5"",""mecamh-sleep-quality-q1-i4"":""5"",""mecamh-sleep-quality-q1-i0"":""5"",""mecamh-sleep-quality-q1-i5"":""5""}",8,2026-09-22T08:23:27.496000+00:00,2026-09-22T08:23:33.992000+00:00,,,6496,6.496,
3,c43b45b5-69ff-420d-91a6-a9b6ae658914,mecamh-coping-responses-and-climate-change,mecamh-coping-responses-and-climate-change-climate-change-worry-ojala-2012,mecamh-coping-responses-and-climate-change-q2,"{""mecamh-coping-responses-and-climate-change-q2-i0"":""1"",""mecamh-coping-responses-and-climate-change-q2-i1"":""2"",""mecamh-coping-responses-and-climate-change-q2-i2"":""3"",""mecamh-coping-responses-and-climate-change-q2-i3"":""4"",""mecamh-coping-responses-and-climate-change-q2-i4"":""5""}",8,2026-09-22T08:23:36.832000+00:00,2026-09-22T08:23:41.344000+00:00,,,4512,4.512,
3,c43b45b5-69ff-420d-91a6-a9b6ae658914,mecamh-coping-responses-and-climate-change,mecamh-coping-responses-and-climate-change-coping-responses-ojala-2012,mecamh-coping-responses-and-climate-change-q1,"{""mecamh-coping-responses-and-climate-change-q1-i0"":""3"",""mecamh-coping-responses-and-climate-change-q1-i1"":""3"",""mecamh-coping-responses-and-climate-change-q1-i2"":""3"",""mecamh-coping-responses-and-climate-change-q1-i3"":""3"",""mecamh-coping-responses-and-climate-change-q1-i4"":""3"",""mecamh-coping-responses-and-climate-change-q1-i5"":""3"",""mecamh-coping-responses-and-climate-change-q1-i6"":""3"",""mecamh-coping-responses-and-climate-change-q1-i7"":""3"",""mecamh-coping-responses-and-climate-change-q1-i8"":""3"",""mecamh-coping-responses-and-climate-change-q1-i9"":""3"",""mecamh-coping-responses-and-climate-change-q1-i10"":""3"",""mecamh-coping-responses-and-climate-change-q1-i11"":""3"",""mecamh-coping-responses-and-climate-change-q1-i12"":""3"",""mecamh-coping-responses-and-climate-change-q1-i13"":""3"",""mecamh-coping-responses-and-climate-change-q1-i14"":""3"",""mecamh-coping-responses-and-climate-change-q1-i15"":""3""}",8,2026-09-22T08:23:43.800000+00:00,2026-09-22T08:23:57.688000+00:00,,,13888,13.888,
3,c43b45b5-69ff-420d-91a6-a9b6ae658914,mecamh-climate-anxiety,mecamh-climate-anxiety-state-anxiety-modelled-on-the-stai,mecamh-climate-anxiety-q1,"{""mecamh-climate-anxiety-q1-i0"":""2"",""mecamh-climate-anxiety-q1-i1"":""2"",""mecamh-climate-anxiety-q1-i2"":""2"",""mecamh-climate-anxiety-q1-i3"":""2"",""mecamh-climate-anxiety-q1-i4"":""2"",""mecamh-climate-anxiety-q1-i5"":""2"",""mecamh-climate-anxiety-q1-i6"":""2""}",7,2026-09-22T08:24:00.504000+00:00,2026-09-22T08:24:05.489000+00:00,,,4985,4.985,
3,c43b45b5-69ff-420d-91a6-a9b6ae658914,mecamh-climate-anxiety,mecamh-climate-anxiety-anticipatory-traumatic-reaction-feelings-sub-scale-hopwood-et-al-2017,mecamh-climate-anxiety-q2,"{""mecamh-climate-anxiety-q2-i0"":""1"",""mecamh-climate-anxiety-q2-i1"":""1"",""mecamh-climate-anxiety-q2-i2"":""1"",""mecamh-climate-anxiety-q2-i3"":""1"",""mecamh-climate-anxiety-q2-i4"":""1"",""mecamh-climate-anxiety-q2-i5"":""1"",""mecamh-climate-anxiety-q2-i6"":""1"",""mecamh-climate-anxiety-q2-i7"":""1"",""mecamh-climate-anxiety-q2-i8"":""1"",""mecamh-climate-anxiety-q2-i9"":""1""}",6,2026-09-22T08:24:07.697000+00:00,2026-09-22T08:24:17.241000+00:00,,,9544,9.544,
3,c43b45b5-69ff-420d-91a6-a9b6ae658914,hms-overall-health,hms-overall-health-nutrition,hms-overall-health-q15,0,5,2026-09-22T08:24:20.953000+00:00,2026-09-22T08:24:22.041000+00:00,,,1088,1.088,
3,c43b45b5-69ff-420d-91a6-a9b6ae658914,hms-overall-health,hms-overall-health-nutrition,hms-overall-health-q11,0,7,2026-09-22T08:24:24.233000+00:00,2026-09-22T08:24:24.977000+00:00,,,744,0.744,
3,c43b45b5-69ff-420d-91a6-a9b6ae658914,hms-overall-health,hms-overall-health-nutrition,hms-overall-health-q12,0,6,2026-09-22T08:24:26.537000+00:00,2026-09-22T08:24:26.993000+00:00,,,456,0.456,
3,c43b45b5-69ff-420d-91a6-a9b6ae658914,hms-overall-health,hms-overall-health-nutrition,hms-overall-health-q16,2,6,2026-09-22T08:24:28.729000+00:00,2026-09-22T08:24:30.321000+00:00,,,1592,1.592,
3,c43b45b5-69ff-420d-91a6-a9b6ae658914,hms-overall-health,hms-overall-health-perceived-health-status,hms-overall-health-q1,3,6,2026-09-22T08:24:33.105000+00:00,2026-09-22T08:24:33.705000+00:00,,,600,0.6,
3,c43b45b5-69ff-420d-91a6-a9b6ae658914,hms-overall-health,hms-overall-health-concussion-tbi-history,hms-overall-health-q6,1,6,2026-09-22T08:24:35.705000+00:00,2026-09-22T08:24:37.529000+00:00,,,1824,1.824,
3,c43b45b5-69ff-420d-91a6-a9b6ae658914,hms-overall-health,hms-overall-health-concussion-tbi-history,hms-overall-health-q9,3,6,2026-09-22T08:24:39.553000+00:00,2026-09-22T08:24:40.169000+00:00,,,616,0.616,
3,c43b45b5-69ff-420d-91a6-a9b6ae658914,hms-overall-health,hms-overall-health-concussion-tbi-history,hms-overall-health-q10,2,6,2026-09-22T08:24:42.841000+00:00,2026-09-22T08:24:49.539000+00:00,,,6698,6.698,
3,c43b45b5-69ff-420d-91a6-a9b6ae658914,hms-overall-health,hms-overall-health-concussion-tbi-history,hms-overall-health-q7,1,7,2026-09-22T08:24:55.314000+00:00,2026-09-22T08:24:56.242000+00:00,,,928,0.928,
3,c43b45b5-69ff-420d-91a6-a9b6ae658914,hms-overall-health,hms-overall-health-concussion-tbi-history,hms-overall-health-q8,3,6,2026-09-22T08:24:58.498000+00:00,2026-09-22T08:25:00.298000+00:00,,,1800,1.8,
3,c43b45b5-69ff-420d-91a6-a9b6ae658914,hms-overall-health,hms-overall-health-exercise,hms-overall-health-q4,3,7,2026-09-22T08:25:02.882000+00:00,2026-09-22T08:25:03.458000+00:00,,,576,0.576,
3,c43b45b5-69ff-420d-91a6-a9b6ae658914,hms-overall-health,hms-overall-health-exercise,hms-overall-health-q3,6,7,2026-09-22T08:25:06.090000+00:00,2026-09-22T08:25:06.994000+00:00,,,904,0.904,
3,c43b45b5-69ff-420d-91a6-a9b6ae658914,hms-overall-health,hms-overall-health-chronic-disease,hms-overall-health-q2,"[""15""]",7,2026-09-22T08:25:08.898000+00:00,2026-09-22T08:25:10.546000+00:00,,,1648,1.648,
3,c43b45b5-69ff-420d-91a6-a9b6ae658914,hms-financial-stress,hms-financial-stress-spending,hms-financial-stress-q11,0,7,2026-09-22T08:25:15.722000+00:00,2026-09-22T08:25:16.594000+00:00,,,872,0.872,
3,c43b45b5-69ff-420d-91a6-a9b6ae658914,hms-financial-stress,hms-financial-stress-housing-concerns,hms-financial-stress-q6,2,7,2026-09-22T08:25:19.034000+00:00,2026-09-22T08:25:19.706000+00:00,,,672,0.672,
3,c43b45b5-69ff-420d-91a6-a9b6ae658914,hms-financial-stress,hms-financial-stress-housing-concerns,hms-financial-stress-q8,"[""2""]",7,2026-09-22T08:25:21.434000+00:00,2026-09-22T08:25:23.690000+00:00,,,2256,2.256,
3,c43b45b5-69ff-420d-91a6-a9b6ae658914,hms-financial-stress,hms-financial-stress-socioeconom-ic-status,hms-financial-stress-q2,3,6,2026-09-22T08:25:25.571000+00:00,2026-09-22T08:25:26.714000+00:00,,,1143,1.143,
3,c43b45b5-69ff-420d-91a6-a9b6ae658914,hms-financial-stress,hms-financial-stress-socioeconom-ic-status,hms-financial-stress-q1,3,6,2026-09-22T08:25:28.650000+00:00,2026-09-22T08:25:29.298000+00:00,,,648,0.648,
3,c43b45b5-69ff-420d-91a6-a9b6ae658914,hms-financial-stress,hms-financial-stress-socioeconom-ic-status,hms-financial-stress-q4,2,6,2026-09-22T08:25:31.683000+00:00,2026-09-22T08:25:32.978000+00:00,,,1295,1.295,
3,c43b45b5-69ff-420d-91a6-a9b6ae658914,hms-financial-stress,hms-financial-stress-socioeconom-ic-status,hms-financial-stress-q3,2,5,2026-09-22T08:25:36.523000+00:00,2026-09-22T08:25:37.115000+00:00,,,592,0.592,
3,c43b45b5-69ff-420d-91a6-a9b6ae658914,hms-financial-stress,hms-financial-stress-socioeconom-ic-status,hms-financial-stress-q5,"[""5""]",7,2026-09-22T08:25:39.442000+00:00,2026-09-22T08:25:40.563000+00:00,,,1121,1.121,
3,c43b45b5-69ff-420d-91a6-a9b6ae658914,hms-financial-stress,hms-financial-stress-scholarship-status,hms-financial-stress-q10,"[""1""]",6,2026-09-22T08:25:42.851000+00:00,2026-09-22T08:25:44.235000+00:00,,,1384,1.384,
3,c43b45b5-69ff-420d-91a6-a9b6ae658914,hms-financial-stress,hms-financial-stress-financing-education,hms-financial-stress-q9,2,7,2026-09-22T08:25:46.275000+00:00,2026-09-22T08:25:47.402000+00:00,,,1127,1.127,
3,c43b45b5-69ff-420d-91a6-a9b6ae658914,hms-academic-persistence-retention-and-competition,hms-academic-persistence-retention-and-competition-overall-academic-experience,hms-academic-persistence-retention-and-competition-q8,3,6,2026-09-22T08:25:50.410000+00:00,2026-09-22T08:25:51.531000+00:00,,,1121,1.121,
3,c43b45b5-69ff-420d-91a6-a9b6ae658914,hms-academic-persistence-retention-and-competition,hms-academic-persistence-retention-and-competition-overall-academic-experience,hms-academic-persistence-retention-and-competition-q6,3,6,2026-09-22T08:25:53.547000+00:00,2026-09-22T08:25:54.426000+00:00,,,879,0.879,
3,c43b45b5-69ff-420d-91a6-a9b6ae658914,hms-academic-persistence-retention-and-competition,hms-academic-persistence-retention-and-competition-overall-academic-experience,hms-academic-persistence-retention-and-competition-q7,"[""5""]",6,2026-09-22T08:25:56.875000+00:00,2026-09-22T08:25:57.595000+00:00,,,720,0.72,
3,c43b45b5-69ff-420d-91a6-a9b6ae658914,hms-academic-persistence-retention-and-competition,hms-academic-persistence-retention-and-competition-overall-academic-experience,hms-academic-persistence-retention-and-competition-q10,3,7,2026-09-22T08:26:00.171000+00:00,2026-09-22T08:26:00.778000+00:00,,,607,0.607,
3,c43b45b5-69ff-420d-91a6-a9b6ae658914,hms-academic-persistence-retention-and-competition,hms-academic-persistence-retention-and-competition-overall-academic-experience,hms-academic-persistence-retention-and-competition-q11,"{""hms-academic-persistence-retention-and-competition-q11-i0"":""1"",""hms-academic-persistence-retention-and-competition-q11-i1"":""1""}",7,2026-09-22T08:26:03.083000+00:00,2026-09-22T08:26:05.795000+00:00,,,2712,2.712,
3,c43b45b5-69ff-420d-91a6-a9b6ae658914,hms-academic-persistence-retention-and-competition,hms-academic-persistence-retention-and-competition-overall-academic-experience,hms-academic-persistence-retention-and-competition-q9,2,6,2026-09-22T08:26:07.939000+00:00,2026-09-22T08:26:08.643000+00:00,,,704,0.704,
9,4c411e0a-1bf6-4498-9380-cc0a17543907,demographics,demographics-age,demographics-q1,33,5,2026-09-22T08:31:12.721000+00:00,2026-09-22T08:31:18.873000+00:00,,,6152,6.152,
9,4c411e0a-1bf6-4498-9380-cc0a17543907,demographics,demographics-gender,demographics-q2,2,5,2026-09-22T08:31:21.010000+00:00,2026-09-22T08:31:21.817000+00:00,,,807,0.807,
9,4c411e0a-1bf6-4498-9380-cc0a17543907,demographics,demographics-role,demographics-q3,7,6,2026-09-22T08:31:24.001000+00:00,2026-09-22T08:31:25.857000+00:00,,,1856,1.856,
9,4c411e0a-1bf6-4498-9380-cc0a17543907,demographics,demographics-department,demographics-q4,3,6,2026-09-22T08:31:28.073000+00:00,2026-09-22T08:31:28.969000+00:00,,,896,0.896,
9,4c411e0a-1bf6-4498-9380-cc0a17543907,demographics,demographics-socioeconomic-status,demographics-q5,5,6,2026-09-22T08:31:31.074000+00:00,2026-09-22T08:31:32.113000+00:00,,,1039,1.039,
9,4c411e0a-1bf6-4498-9380-cc0a17543907,mecamh-sleep-quality,mecamh-sleep-quality-sleep-quality,mecamh-sleep-quality-q1,"{""mecamh-sleep-quality-q1-i0"":""1"",""mecamh-sleep-quality-q1-i1"":""2"",""mecamh-sleep-quality-q1-i2"":""3"",""mecamh-sleep-quality-q1-i3"":""4"",""mecamh-sleep-quality-q1-i4"":""5"",""mecamh-sleep-quality-q1-i5"":""5""}",8,2026-09-22T08:31:34.641000+00:00,2026-09-22T08:31:40.322000+00:00,,,5681,5.681,
9,4c411e0a-1bf6-4498-9380-cc0a17543907,mecamh-coping-responses-and-climate-change,mecamh-coping-responses-and-climate-change-climate-change-worry-ojala-2012,mecamh-coping-responses-and-climate-change-q2,"{""mecamh-coping-responses-and-climate-change-q2-i0"":""1"",""mecamh-coping-responses-and-climate-change-q2-i1"":""1"",""mecamh-coping-responses-and-climate-change-q2-i2"":""1"",""mecamh-coping-responses-and-climate-change-q2-i3"":""1"",""mecamh-coping-responses-and-climate-change-q2-i4"":""1""}",8,2026-09-22T08:31:43.210000+00:00,2026-09-22T08:31:46.610000+00:00,,,3400,3.4,
9,4c411e0a-1bf6-4498-9380-cc0a17543907,mecamh-coping-responses-and-climate-change,mecamh-coping-responses-and-climate-change-coping-responses-ojala-2012,mecamh-coping-responses-and-climate-change-q1,"{""mecamh-coping-responses-and-climate-change-q1-i0"":""1"",""mecamh-coping-responses-and-climate-change-q1-i1"":""2"",""mecamh-coping-responses-and-climate-change-q1-i2"":""3"",""mecamh-coping-responses-and-climate-change-q1-i3"":""4"",""mecamh-coping-responses-and-climate-change-q1-i4"":""5"",""mecamh-coping-responses-and-climate-change-q1-i5"":""5"",""mecamh-coping-responses-and-climate-change-q1-i6"":""1"",""mecamh-coping-responses-and-climate-change-q1-i7"":""2"",""mecamh-coping-responses-and-climate-change-q1-i8"":""3"",""mecamh-coping-responses-and-climate-change-q1-i9"":""4"",""mecamh-coping-responses-and-climate-change-q1-i10"":""5"",""mecamh-coping-responses-and-climate-change-q1-i11"":""5"",""mecamh-coping-responses-and-climate-change-q1-i12"":""2"",""mecamh-coping-responses-and-climate-change-q1-i13"":""2"",""mecamh-coping-responses-and-climate-change-q1-i14"":""2"",""mecamh-coping-responses-and-climate-change-q1-i15"":""2""}",7,2026-09-22T08:31:48.842000+00:00,2026-09-22T08:32:05.354000+00:00,,,16512,16.512,
9,4c411e0a-1bf6-4498-9380-cc0a17543907,mecamh-climate-anxiety,mecamh-climate-anxiety-state-anxiety-modelled-on-the-stai,mecamh-climate-anxiety-q1,"{""mecamh-climate-anxiety-q1-i0"":""1"",""mecamh-climate-anxiety-q1-i1"":""1"",""mecamh-climate-anxiety-q1-i2"":""1"",""mecamh-climate-anxiety-q1-i3"":""1"",""mecamh-climate-anxiety-q1-i4"":""1"",""mecamh-climate-anxiety-q1-i5"":""1"",""mecamh-climate-anxiety-q1-i6"":""1""}",7,2026-09-22T08:32:09.330000+00:00,2026-09-22T08:32:14.082000+00:00,,,4752,4.752,
9,4c411e0a-1bf6-4498-9380-cc0a17543907,mecamh-climate-anxiety,mecamh-climate-anxiety-anticipatory-traumatic-reaction-feelings-sub-scale-hopwood-et-al-2017,mecamh-climate-anxiety-q2,"{""mecamh-climate-anxiety-q2-i0"":""1"",""mecamh-climate-anxiety-q2-i1"":""1"",""mecamh-climate-anxiety-q2-i2"":""1"",""mecamh-climate-anxiety-q2-i3"":""1"",""mecamh-climate-anxiety-q2-i4"":""1"",""mecamh-climate-anxiety-q2-i5"":""1"",""mecamh-climate-anxiety-q2-i6"":""1"",""mecamh-climate-anxiety-q2-i7"":""1"",""mecamh-climate-anxiety-q2-i8"":""1"",""mecamh-climate-anxiety-q2-i9"":""1""}",6,2026-09-22T08:32:17.290000+00:00,2026-09-22T08:32:29.370000+00:00,,,12080,12.08,
9,4c411e0a-1bf6-4498-9380-cc0a17543907,hms-overall-health,hms-overall-health-nutrition,hms-overall-health-q15,0,6,2026-09-22T08:32:33.163000+00:00,2026-09-22T08:32:34.283000+00:00,,,1120,1.12,
9,4c411e0a-1bf6-4498-9380-cc0a17543907,hms-overall-health,hms-overall-health-nutrition,hms-overall-health-q11,0,7,2026-09-22T08:32:36.243000+00:00,2026-09-22T08:32:36.914000+00:00,,,671,0.671,
9,4c411e0a-1bf6-4498-9380-cc0a17543907,hms-overall-health,hms-overall-health-nutrition,hms-overall-health-q12,0,7,2026-09-22T08:32:38.611000+00:00,2026-09-22T08:32:39.235000+00:00,,,624,0.624,
9,4c411e0a-1bf6-4498-9380-cc0a17543907,hms-overall-health,hms-overall-health-nutrition,hms-overall-health-q16,2,5,2026-09-22T08:32:41.115000+00:00,2026-09-22T08:32:41.763000+00:00,,,648,0.648,
9,4c411e0a-1bf6-4498-9380-cc0a17543907,hms-overall-health,hms-overall-health-perceived-health-status,hms-overall-health-q1,3,6,2026-09-22T08:32:43.924000+00:00,2026-09-22T08:32:44.539000+00:00,,,615,0.615,
9,4c411e0a-1bf6-4498-9380-cc0a17543907,hms-overall-health,hms-overall-health-concussion-tbi-history,hms-overall-health-q6,1,6,2026-09-22T08:32:46.451000+00:00,2026-09-22T08:32:47.491000+00:00,,,1040,1.04,
9,4c411e0a-1bf6-4498-9380-cc0a17543907,hms-overall-health,hms-overall-health-concussion-tbi-history,hms-overall-health-q9,3,5,2026-09-22T08:32:49.539000+00:00,2026-09-22T08:32:50.195000+00:00,,,656,0.656,
9,4c411e0a-1bf6-4498-9380-cc0a17543907,hms-overall-health,hms-overall-health-concussion-tbi-history,hms-overall-health-q10,13,7,2026-09-22T08:32:52.131000+00:00,2026-09-22T08:32:59.419000+00:00,,,7288,7.288,
9,4c411e0a-1bf6-4498-9380-cc0a17543907,hms-overall-health,hms-overall-health-concussion-tbi-history,hms-overall-health-q7,0,6,2026-09-22T08:33:02.492000+00:00,2026-09-22T08:33:03.051000+00:00,,,559,0.559,
9,4c411e0a-1bf6-4498-9380-cc0a17543907,hms-overall-health,hms-overall-health-exercise,hms-overall-health-q4,3,7,2026-09-22T08:33:05.331000+00:00,2026-09-22T08:33:05.995000+00:00,,,664,0.664,
9,4c411e0a-1bf6-4498-9380-cc0a17543907,hms-overall-health,hms-overall-health-exercise,hms-overall-health-q3,6,6,2026-09-22T08:33:08.147000+00:00,2026-09-22T08:33:08.620000+00:00,,,473,0.473,
9,4c411e0a-1bf6-4498-9380-cc0a17543907,hms-overall-health,hms-overall-health-chronic-disease,hms-overall-health-q2,"[""15""]",6,2026-09-22T08:33:10.403000+00:00,2026-09-22T08:33:12.507000+00:00,,,2104,2.104,
9,4c411e0a-1bf6-4498-9380-cc0a17543907,hms-financial-stress,hms-financial-stress-spending,hms-financial-stress-q11,0,7,2026-09-22T08:33:15.220000+00:00,2026-09-22T08:33:15.803000+00:00,,,583,0.583,
9,4c411e0a-1bf6-4498-9380-cc0a17543907,hms-financial-stress,hms-financial-stress-housing-concerns,hms-financial-stress-q6,2,7,2026-09-22T08:33:17.572000+00:00,2026-09-22T08:33:18.163000+00:00,,,591,0.591,
9,4c411e0a-1bf6-4498-9380-cc0a17543907,hms-financial-stress,hms-financial-stress-housing-concerns,hms-financial-stress-q8,"[""5""]",7,2026-09-22T08:33:19.556000+00:00,2026-09-22T08:33:23.027000+00:00,,,3471,3.471,
9,4c411e0a-1bf6-4498-9380-cc0a17543907,hms-financial-stress,hms-financial-stress-socioeconomic-status,hms-financial-stress-q2,3,6,2026-09-22T08:33:24.876000+00:00,2026-09-22T08:33:25.404000+00:00,,,528,0.528,
9,4c411e0a-1bf6-4498-9380-cc0a17543907,hms-financial-stress,hms-financial-stress-socioeconomic-status,hms-financial-stress-q1,4,5,2026-09-22T08:33:27.339000+00:00,2026-09-22T08:33:27.915000+00:00,,,576,0.576,
9,4c411e0a-1bf6-4498-9380-cc0a17543907,hms-financial-stress,hms-financial-stress-socioeconomic-status,hms-financial-stress-q4,2,5,2026-09-22T08:33:30.388000+00:00,2026-09-22T08:33:31.012000+00:00,,,624,0.624,
9,4c411e0a-1bf6-4498-9380-cc0a17543907,hms-financial-stress,hms-financial-stress-socioeconomic-status,hms-financial-stress-q3,2,5,2026-09-22T08:33:34.141000+00:00,2026-09-22T08:33:34.820000+00:00,,,679,0.679,
9,4c411e0a-1bf6-4498-9380-cc0a17543907,hms-financial-stress,hms-financial-stress-socioeconomic-status,hms-financial-stress-q5,"[""5""]",6,2026-09-22T08:33:38.012000+00:00,2026-09-22T08:33:38.884000+00:00,,,872,0.872,
9,4c411e0a-1bf6-4498-9380-cc0a17543907,hms-financial-stress,hms-financial-stress-scholarship-status,hms-financial-stress-q10,"[""5""]",6,2026-09-22T08:33:41.396000+00:00,2026-09-22T08:33:42.276000+00:00,,,880,0.88,
9,4c411e0a-1bf6-4498-9380-cc0a17543907,hms-financial-stress,hms-financial-stress-financing-education,hms-financial-stress-q9,2,6,2026-09-22T08:33:44.300000+00:00,2026-09-22T08:33:44.828000+00:00,,,528,0.528,
9,4c411e0a-1bf6-4498-9380-cc0a17543907,hms-academic-persistence-retention-and-competition,hms-academic-persistence-retention-and-competition-overall-academic-experience,hms-academic-persistence-retention-and-competition-q8,3,6,2026-09-22T08:33:47.692000+00:00,2026-09-22T08:33:48.380000+00:00,,,688,0.688,
9,4c411e0a-1bf6-4498-9380-cc0a17543907,hms-academic-persistence-retention-and-competition,hms-academic-persistence-retention-and-competition-overall-academic-experience,hms-academic-persistence-retention-and-competition-q6,3,5,2026-09-22T08:33:50.292000+00:00,2026-09-22T08:33:50.780000+00:00,,,488,0.488,
9,4c411e0a-1bf6-4498-9380-cc0a17543907,hms-academic-persistence-retention-and-competition,hms-academic-persistence-retention-and-competition-overall-academic-experience,hms-academic-persistence-retention-and-competition-q7,"[""5""]",6,2026-09-22T08:33:53.052000+00:00,2026-09-22T08:33:53.708000+00:00,,,656,0.656,
9,4c411e0a-1bf6-4498-9380-cc0a17543907,hms-academic-persistence-retention-and-competition,hms-academic-persistence-retention-and-competition-overall-academic-experience,hms-academic-persistence-retention-and-competition-q10,2,6,2026-09-22T08:33:55.836000+00:00,2026-09-22T08:33:56.348000+00:00,,,512,0.512,
9,4c411e0a-1bf6-4498-9380-cc0a17543907,hms-academic-persistence-retention-and-competition,hms-academic-persistence-retention-and-competition-overall-academic-experience,hms-academic-persistence-retention-and-competition-q11,"{""hms-academic-persistence-retention-and-competition-q11-i0"":""1"",""hms-academic-persistence-retention-and-competition-q11-i1"":""1""}",7,2026-09-22T08:33:58.901000+00:00,2026-09-22T08:34:01.212000+00:00,,,2311,2.311,
9,4c411e0a-1bf6-4498-9380-cc0a17543907,hms-academic-persistence-retention-and-competition,hms-academic-persistence-retention-and-competition-overall-academic-experience,hms-academic-persistence-retention-and-competition-q9,2,6,2026-09-22T08:34:03.301000+00:00,2026-09-22T08:34:03.868000+00:00,,,567,0.567,
9,4c411e0a-1bf6-4498-9380-cc0a17543907,hms-academic-persistence-retention-and-competition,hms-academic-persistence-retention-and-competition-perceived-competition,hms-academic-persistence-retention-and-competition-q3,2,6,2026-09-22T08:34:09.909000+00:00,2026-09-22T08:34:11.189000+00:00,,,1280,1.28,
9,4c411e0a-1bf6-4498-9380-cc0a17543907,hms-academic-persistence-retention-and-competition,hms-academic-persistence-retention-and-competition-perceived-competition,hms-academic-persistence-retention-and-competition-q2,"{""hms-academic-persistence-retention-and-competition-q2-i1"":""2"",""hms-academic-persistence-retention-and-competition-q2-i0"":""2"",""hms-academic-persistence-retention-and-competition-q2-i2"":""2""}",7,2026-09-22T08:34:13.372000+00:00,2026-09-22T08:34:16.501000+00:00,,,3129,3.129,
9,4c411e0a-1bf6-4498-9380-cc0a17543907,hms-academic-persistence-retention-and-competition,hms-academic-persistence-retention-and-competition-overall-social-experience,hms-academic-persistence-retention-and-competition-q14,2,6,2026-09-22T08:34:19.109000+00:00,2026-09-22T08:34:19.740000+00:00,,,631,0.631,
9,4c411e0a-1bf6-4498-9380-cc0a17543907,hms-academic-persistence-retention-and-competition,hms-academic-persistence-retention-and-competition-imposter-syndrome,hms-academic-persistence-retention-and-competition-q5,"{""hms-academic-persistence-retention-and-competition-q5-i0"":""1"",""hms-academic-persistence-retention-and-competition-q5-i1"":""1"",""hms-academic-persistence-retention-and-competition-q5-i2"":""1"",""hms-academic-persistence-retention-and-competition-q5-i3"":""1"",""hms-academic-persistence-retention-and-competition-q5-i4"":""1""}",7,2026-09-22T08:34:21.877000+00:00,2026-09-22T08:34:26.860000+00:00,,,4983,4.983,
9,4c411e0a-1bf6-4498-9380-cc0a17543907,hms-academic-persistence-retention-and-competition,hms-academic-persistence-retention-and-competition-clarifying-achievement-goals-and-their-impact,hms-academic-persistence-retention-and-competition-q4,"{""hms-academic-persistence-retention-and-competition-q4-i0"":""2"",""hms-academic-persistence-retention-and-competition-q4-i1"":""2"",""hms-academic-persistence-retention-and-competition-q4-i2"":""2"",""hms-academic-persistence-retention-and-competition-q4-i3"":""2""}",7,2026-09-22T08:34:29.957000+00:00,2026-09-22T08:34:33.421000+00:00,,,3464,3.464,
9,4c411e0a-1bf6-4498-9380-cc0a17543907,hms-academic-persistence-retention-and-competition,hms-academic-persistence-retention-and-competition-stress-mindset,hms-academic-persistence-retention-and-competition-q1,"{""hms-academic-persistence-retention-and-competition-q1-i0"":""1"",""hms-academic-persistence-retention-and-competition-q1-i1"":""1"",""hms-academic-persistence-retention-and-competition-q1-i2"":""1"",""hms-academic-persistence-retention-and-competition-q1-i3"":""1""}",8,2026-09-22T08:34:37.341000+00:00,2026-09-22T08:34:41.381000+00:00,,,4040,4.04,
9,4c411e0a-1bf6-4498-9380-cc0a17543907,hms-academic-persistence-retention-and-competition,hms-academic-persistence-retention-and-competition-experiences-with-faculty-and-academic-support-services,hms-academic-persistence-retention-and-competition-q12,"{""hms-academic-persistence-retention-and-competition-q12-i0"":""1"",""hms-academic-persistence-retention-and-competition-q12-i1"":""2"",""hms-academic-persistence-retention-and-competition-q12-i2"":""3"",""hms-academic-persistence-retention-and-competition-q12-i3"":""4"",""hms-academic-persistence-retention-and-competition-q12-i4"":""5""}",7,2026-09-22T08:34:43.629000+00:00,2026-09-22T08:34:49.605000+00:00,,,5976,5.976,
9,4c411e0a-1bf6-4498-9380-cc0a17543907,hms-academic-persistence-retention-and-competition,hms-academic-persistence-retention-and-competition-issues-affecting-academic-performance,hms-academic-persistence-retention-and-competition-q15,"{""hms-academic-persistence-retention-and-competition-q15-i0"":""1"",""hms-academic-persistence-retention-and-competition-q15-i1"":""1"",""hms-academic-persistence-retention-and-competition-q15-i2"":""1"",""hms-academic-persistence-retention-and-competition-q15-i3"":""1"",""hms-academic-persistence-retention-and-competition-q15-i4"":""1"",""hms-academic-persistence-retention-and-competition-q15-i5"":""1"",""hms-academic-persistence-retention-and-competition-q15-i6"":""1"",""hms-academic-persistence-retention-and-competition-q15-i7"":""1""}",7,2026-09-22T08:34:51.870000+00:00,2026-09-22T08:35:00.782000+00:00,,,8912,8.912,
